name,hostid,lat,lon,location
101_SUHUM GTS 6_BTS_HW,10812,43.000344444,41.018933333,
102_SUHUM RTPC_BTS_HW,10813,43.011211111,41.031988889,
103_SUHUM GTS 2_BTS_HW,10814,43.01785,40.972441667,
104_SUHUM NR 2_BTS_HW,10815,43.009922222,40.970655556,
105_KAMAN_BTS_HW,10816,43.093666667,41.004186111,
106_GUMA_BTS_HW,10817,43.055477778,41.041197222,
107_VERESHAGINA_BTS_HW,10818,43.042008333,40.928827778,
108_ESHERA 1_BTS_HW,10819,43.027608333,40.952905556,
109_ACHADARA_BTS_HW,10820,43.038886111,40.981636111,
110_SUHUM NR 4_BTS_HW,10821,43.024180556,40.978922222,
111_SUHUM ATK_BTS_HW,10822,43.018888,40.971666,
112_SUHUM NR 5_BTS_HW,10823,43.011275,40.965169444,
114_GUMISTA_BTS_HW,10825,43.008536111,40.95435,
115_SUHUM NR 7_BTS_HW,10826,43.011877778,40.973080556,
116_SUHUM NR 6_BTS_HW,10827,43.005025,40.969205556,
117_SUHUM DOM PECHATI_BTS_HW,10828,43.023102778,40.982094444,
118_SUHUM TABACHNAI FABRIKA_BTS_HW,10829,43.016716667,40.978508333,
119_SUHUM ST POSELOK 1_BTS_HW,10830,43.011446461,40.979388213,
120_SUHUM ST POSELOK 2_BTS_HW,10831,43.008055556,40.977444444,
121_SUHUM KLAD_BTS_HW,10832,43.018969444,40.993772222,
122_SUHUM KOLOS_BTS_HW,10833,43.015438889,40.985902778,
123_SUHUM SHV FABRIKA_BTS_HW,10834,43.0147,41.004613889,
124_SUHUM VOKZAL_BTS_HW,10835,43.006438889,40.998425,
125_SUHUM VOKZAL DEPO_BTS_HW,10836,43.006633333,40.990677778,
126_MAYAK SCH 12_BTS_HW,10837,42.994822222,40.965791667,
127_SUHUM MAYAK KINO_BTS_HW,10838,42.988278,40.974119,
128_MAYAK ATOLL_BTS_HW,10839,42.982408333,40.972469444,
129_MAYAK RYBKOMBINAT_BTS_HW,10840,42.991916667,40.988541667,
130_SUHUM GRUZ PORT_BTS_HW,10841,42.995530556,40.993725,
131_SUHUM TSMS_BTS_HW,10842,43.001855556,40.992605556,
132_SUHUM REPUBL STADION_BTS_HW,10843,42.999816667,40.998711111,
133_SUHUM KABARDINSKAIA_BTS_HW,10844,43.008611111,41.003808333,
134_SUHUM RYNOK 1_BTS_HW,10845,42.999183333,41.006161111,
135_SUHUM ARHIV_BTS_HW,10846,43.007705556,41.008997222,
136_SUHUM DZONUA_BTS_HW,10847,43.003025,41.009630556,
137_SUHUM ZAGS_BTS_HW,10848,42.997277778,41.010372222,
138_SUHUM DBOLNICA_BTS_HW,10849,43.007844444,41.016725,
139_SUHUM STADION DIN_BTS_HW,10850,43.004411111,41.015147222,
140_SUHUM POCHTAMPT_BTS_HW,10851,43.000355556,41.016011111,
141_SUHUM SPASATEL_BTS_HW,10852,42.995463889,41.017713889,
142_SUHUM SOVMIN_BTS_HW,10853,43.004213889,41.018786111,
143_SUHUM MOR PORT_BTS_HW,10854,42.997047222,41.020619444,
144_SUHUM UVD_BTS_HW,10855,43.003419444,41.021527778,
145_SUHUM NBANK_BTS_HW,10856,43.001213889,41.024058333,
146_SUHUM KURORT_BTS_HW,10857,43.007044444,41.0296,
147_SUHUM ZVANBA_BTS_HW,10858,43.00165,41.0279,
148_SUHUM TV_BTS_HW,10859,43.003691667,41.032883333,
149_SUHUM PVO_BTS_HW,10860,42.999580556,41.031772222,
150_OREH ROSHA_BTS_HW,10861,43.029936111,41.072427778,
151_SUHUM KOMS_BTS_HW,10862,43.011483333,41.059822222,
152_SUHUM BEL MOST_BTS_HW,10863,43.002502778,41.038033333,
153_SUHUM MVO_BTS_HW,10864,42.9972,41.040830556,
154_SUHUM AITAR_BTS_HW,10865,42.994625,41.049008333,
155_SUHUM SINOP_BTS_HW,10866,42.985172222,41.062377778,
156_SUHUM VOKZAL KEL_BTS_HW,10867,42.979291667,41.060086111,
157_AGU 2_BTS_HW,10868,42.976102778,41.0661,
158_AGU 1_BTS_HW,10869,42.97655,41.070947222,
159_CHERNIGOVKA_BTS_HW,10870,43.010277778,41.172825,
160_BAGMARAN_BTS_HW,10871,42.996277778,41.133136111,
161_KASHTAK_BTS_HW,10872,42.961983333,41.077138889,
162_GULRIPSH_BTS_HW,10873,42.94535,41.087697222,
163_MIASNIKOVA_BTS_HW,10874,42.951088889,41.141141667,
164_AGUDZERA SFTI_BTS_HW,10875,42.930777778,41.095794444,
165_AGUDZERA 2_BTS_HW,10876,42.928488889,41.101461111,
166_PSHAP_BTS_HW,10877,42.912488889,41.134825,
167_DRANDA CENTR_BTS_HW,10878,42.873505556,41.149413889,
169_UARCHA_BTS_HW,10880,42.832458333,41.122247222,
170_SHAUMIANOVKA_BTS_HW,10881,42.929169444,41.222633333,
171_CABAL_BTS_HW,10882,43.026113889,41.293411111,
173_ZIMA_BTS_HW,10883,43.083172222,41.658386111,
174_NAHAR_BTS_HW,10884,43.111733333,41.700541667,
175_AZHARA_BTS_HW,10885,43.105572222,41.781316667,
176_KODOR_BTS_HW,10886,43.101941667,41.820369444,
177_OMARISHARA_BTS_HW,10887,43.105669444,41.849433333,
178_SAKEN_BTS_HW,10888,43.088703,41.902467,
179_KATSYKIT_BTS_HW,10889,42.888267,41.22845,
180_MAYAK MARRIDGE AM_BTS_HW,11338,42.988189,40.983511,"42.988189, 40.983511"
181_CABAL VG_BTS_HW,10797,43.023786,41.275522,"43.023786, 41.275522"
182_BABUSHARA_BTS_HW,10890,42.867694,41.137036,
183_BABUSHARA 2_BTS_HW,11192,42.870347,41.114961,
184_PSHAP 2_BTS_HW,11086,42.904887,41.146081,АМС А-Мобайл
185_AEROPORT AM_BTS_HW,11230,42.868735,41.119659,
186_AGUDZERA STO_BTS_HW,10891,42.92059722,41.11873889,
187_AGUDZERA 3_BTS_HW,11194,42.933019,41.104372,
189_BAGMARAN POVOROT_BTS_HW,11349,42.971139,41.067075,"42.971139, 41.067075"
190_DZIGUTA_BTS_HW,10892,43.0134972,41.1073889,
191_SUHUM MOKKO_BTS_HW,10893,42.98484167,41.05681111,
192_SUHUM GORA BAGRATA_BTS_HW,10894,42.999780556,41.048722222,
193_GUMISTINSKAYA 39 AM_BTS_HW,11348,43.007686,40.961856,"43.007686, 40.961856"
195_SUHUM VIEM AM_BTS_HW,11211,43.013292,41.027242,
196_YASHTUHA_BTS_HW,10895,43.037557,41.035075,
198_SUHUM REPUBL STADION 2_BTS_HW,10896,43.000742,41.000439,
201_BLABYRHUA_BTS_HW,10897,43.236483333,40.468258333,
202_OTHARA_BTS_HW,10898,43.200977778,40.530511111,
203_MGUDZYRHVA_BTS_HW,10899,43.163908333,40.522561111,
204_DGIRCHUA_BTS_HW,10900,43.197558333,40.582594444,
205_BELAYA RECHKA_BTS_HW,10901,43.132466667,40.571122222,
206_DURIPSH 1_BTS_HW,10902,43.207325,40.6599,
207_DURIPSH 2_BTS_HW,10903,43.196722222,40.638022222,
208_LYHNY 3_BTS_HW,10904,43.124775,40.614,
209_LYHNY_BTS_HW,10905,43.145886111,40.616677778,
210_KULANYRHUA_BTS_HW,10906,43.146402778,40.64875,
211_BAMBORA_BTS_HW,10907,43.103969444,40.586977778,
212_GUDAUTA MTS_BTS_HW,10908,43.109122222,40.594616667,
213_GUDAUTA PTU_BTS_HW,10909,43.102777778,40.601075,
214_GUDAUTA VS_BTS_HW,10910,43.094725,40.613372222,
215_GUDAUTA VOKZAL_BTS_HW,10911,43.107422222,40.617672222,
216_GUDAUTA GOSTINICA_BTS_HW,10912,43.0979,40.623016667,
218_GUDAUTA UVD_BTS_HW,10913,43.102086111,40.634302778,
219_GUDAUTA POCHTAMPT_BTS_HW,10914,43.100894444,40.632191667,
220_GUDAUTA RTPC_BTS_HW,10915,43.104191667,40.663458333,
221_ACHANDARA_BTS_HW,10916,43.196383333,40.719536111,
223_PRIMORSK 1_BTS_HW,10917,43.091611111,40.724597222,
224_PRIMORSK 2_BTS_HW,10918,43.089144444,40.775675,
225_NOVYI AFON_BTS_HW,10919,43.089833333,40.823052778,
226_NOVYI AFON UVD_BTS_HW,10920,43.083552778,40.821105556,
227_NOVYI AFON 2_BTS_HW,10921,43.084022222,40.851816667,
228_PSYRCHA_BTS_HW,10922,43.085530556,40.875202778,
229_ESHERA 2_BTS_HW,10923,43.076211111,40.897283333,
230_GUDAUTA GS_BTS_HW,11141,43.108474,40.639068,Трубостойки на крыше Горгаз
232_NOVIY AFON VODOPAD_BTS_HW,10924,43.091377782,40.815049979,
234_PRIMORSK 3_BTS_HW,10925,43.091185,40.794754,
235_ANKHUA_BTS_HW,10926,43.102841,40.798294,
236_PRIMORSK M_BTS_HW,10927,43.090126,40.750797,
237_PRIMORSK TRASSA_BTS_HW,10928,43.085956,40.724322,
238_AATSY_BTS_HW,10929,43.143567,40.763889,
239_ABGARHUK 3_BTS_HW,10930,43.114769,40.688836,
240_ABGARHUK 2_BTS_HW,10931,43.15125,40.720917,
242_KULANYRHUA SKALA_BTS_HW,10932,43.151108,40.668867,
243_GUDAUTA GOSPITAL_BTS_HW,10933,43.11668611,40.63559167,
244_GUDAUTA SANATORIY_BTS_HW,11165,43.092741,40.599629,"43.092741,40.599629"
245_LYKHNY 2_BTS_HW,10934,43.169475,40.619551,
246_GUDAUTA T_BTS_HW,10935,43.114878,40.581453,
247_GUDAUTA STADION_BTS_HW,11229,43.102181,40.624770,
248_KHIPSTA_BTS_HW,10936,43.123268,40.555321,
250_KHUAP AM_BTS_HW,11370,43.218058,40.613539,"43.218058, 40.613539"
251_OTHARA AM_BTS_HW,10937,43.207449,40.53215,
254_ZVANDRIPSH AM_BTS_HW,11212,43.150344,40.588378,
256_MGUDZYRHVA 2_BTS_HW,11325,43.138219,40.539950,"43.138219, 40.539950"
301_ALAHADZY ADMINISTRACIYA_BTS_HW,10938,43.218902778,40.294908333,
302_ALAHADZY CITR SOVHOZ_BTS_HW,10939,43.20345,40.287047222,
303_ALAHADZY SOSNOVAY ROSHA_BTS_HW,10940,43.195441667,40.281780556,
304_BZYP ATP_BTS_HW,10941,43.227941667,40.324975,
305_ALAHADZY AZS_BTS_HW,10942,43.219875,40.313202778,
306_PITSUNDA SAMSHIT ROSHA_BTS_HW,10943,43.181577778,40.297463889,
307_PITSUNDA RTPC_BTS_HW,10944,43.176569444,40.30895,
308_IPNAR_BTS_HW,10945,43.227725,40.354619444,
309_BZYP CENTR_BTS_HW,10946,43.226883333,40.370866667,
310_BZYB_BTS_HW,10947,43.240686111,40.401152778,
311_KALDAHVARA_BTS_HW,10948,43.231355556,40.415722222,
312_ASICHKO_BTS_HW,10949,43.208708333,40.342025,
313_PITSUNDA ADMINISTRACIYA_BTS_HW,10950,43.159930556,40.337047222,
314_PITSUNDA NOV RAION_BTS_HW,10951,43.165125,40.341408333,
315_PITSUNDA UVD_BTS_HW,10952,43.158758333,40.340952778,
316_PITSUNDA KURORT 2_BTS_HW,10953,43.147972222,40.342644444,
317_PITSUNDA KURORT 1_BTS_HW,10954,43.156311111,40.348225,
318_LDZAA 3_BTS_HW,10955,43.172133333,40.357652778,
319_LDZAA 1_BTS_HW,10956,43.179536111,40.368683333,
320_LDZAA 2_BTS_HW,10957,43.179097222,40.379661111,
321_AMZHIKHUA_BTS_HW,10958,43.183516667,40.397205556,
322_MYSRA RTPC_BTS_HW,10959,43.150511111,40.462847222,
323_MYSRA PANS_BTS_HW,10960,43.149202778,40.460655556,
324_BZYB 3_BTS_HW,10961,43.267922222,40.393472222,
325_GOLUBOE OZERO_BTS_HW,10962,43.353186111,40.417747222,
327_RITSA_BTS_HW,10964,43.470127778,40.534697222,
328_RITSA GES_BTS_HW,10965,43.479994444,40.549352778,
329_AUADHARA_BTS_HW,10966,43.498616667,40.661080556,
330_AMZHIKHUA USHELIE_BTS_HW,10967,43.185208333,40.390872222,
331_PITSUNDA LITFOND_BTS_HW,11249,43.172897,40.311827,"43.172897, 40.311827"
332_PITSUNDA AMSHIN_BTS_HW,11084,43.153775,40.333222,
333_PITSUNDA POLE_BTS_HW,11169,43.163927,40.328926,"43.163927, 40.328926"
340_ALAHADZY 2_BTS_HW,11083,43.223888,40.275277,
341_ALAHADZY 3_BTS_HW,11191,43.209594,40.281022,
343_BZYB ZD_BTS_HW,11323,43.225444,40.349167,"43.225444, 40.349167"
344_BZYB IPPODROM_BTS_HW,11324,43.233492,40.385828,"43.233492, 40.385828"
345_KPP GOLUBOE OZERO_BTS_HW,10968,43.341594,40.41395,
346_RITSA PARKING_BTS_HW,11240,43.476098,40.540134,
348_PSHU_BTS_HW,11225,43.388787,40.813628,
370_BZYP LEP_BTS_HW,10969,43.293094444,40.401488889,
371_BZYP R_BTS_HW,10970,43.308247,40.411083,
401_GECHRIPSH_BTS_HW,10971,43.423652778,40.019402778,
402_PSOU_BTS_HW,10972,43.389127778,40.008411111,
403_CANDRIPSH 6_BTS_HW,10973,43.387380556,40.019547222,
404_CANDRIPSH 2_BTS_HW,10974,43.388897222,40.056538889,
405_CANDRIPSH 4_BTS_HW,10975,43.3828,40.05345,
406_MAHADYR_BTS_HW,10976,43.412652778,40.106019444,
407_CANDRIPSH 3_BTS_HW,10977,43.378680556,40.081133333,
408_CANDRIPSH 1_BTS_HW,10978,43.380355556,40.091911111,
409_BAGRIPSH_BTS_HW,10979,43.360513889,40.120997222,
410_ARBAIKA_BTS_HW,10980,43.346591667,40.150077778,
411_GAGRA SANATOR MOSKVA_BTS_HW,10981,43.3287,40.214725,
412_GAGRA ZHOEKVARA_BTS_HW,10982,43.326075,40.223980556,
413_GAGRA KOLONNADA_BTS_HW,10983,43.319397222,40.241755556,
414_GAGRA SANATOR ARMENIA_BTS_HW,10984,43.315647222,40.248161111,
415_GAGRA NART_BTS_HW,10985,43.311138889,40.250852778,
416_GAGRA VOKZAL GAGRIPSH_BTS_HW,10986,43.301577488,40.256642555,
417_GAGRA UVD_BTS_HW,10987,43.293686111,40.259338889,
418_GAGRA RTPC_BTS_HW,10988,43.293019444,40.264891667,
419_GAGRA ALEKS BICH_BTS_HW,10989,43.288502778,40.261152778,
420_GAGRA GOSTINICA ABHAZIA_BTS_HW,10990,43.276630556,40.265802778,
421_GAGRA KBRC_BTS_HW,10991,43.277783333,40.272983333,
422_GAGRA ENERGETIK_BTS_HW,10992,43.272008333,40.266452778,
423_GAGRA IGV_BTS_HW,10993,43.271361111,40.281319444,
424_GAGRA KEMPING_BTS_HW,10994,43.260733333,40.278438889,
425_GAGRA 6_BTS_HW,10995,43.261944444,40.299408333,
426_PSAHARA_BTS_HW,10996,43.245258333,40.304680556,
430_GAGRA JD_BTS_HW,10997,43.260621,40.285555,
433_GAGRA RRS_BTS_HW,10998,43.278475,40.275047222,
434_GAGRA OBJEZD_BTS_HW,11091,43.289109,40.269867,Столб граненый 20м.
443_GAGRA SKALA_BTS_HW,10999,43.324825,40.233369,
444_GAGRA TRASSA 1_BTS_HW,11000,43.334297,40.194753,
445_GAGRA TRASSA 2_BTS_HW,11001,43.337083,40.175622,
446_GAGRA TONNEL_BTS_HW,11002,43.317363889,40.248322222,
448_CANDRIPSH 5_BTS_HW,11003,43.385156476,40.032659588,
449_CANDRIPSH VOKZAL_BTS_HW,11004,43.372488,40.094356,
450_GAGRA TRASSA 3_BTS_HW,11005,43.352911,40.139281,
451_CANDRIPSH 7_BTS_HW,11089,43.381556,40.071895,
453_PSOU UVD_BTS_HW,11006,43.394834436,40.010684092,
454_MAHADYR 2_BTS_HW,11007,43.44857,40.089892,
457_MKLRIPSH_BTS_HW,11008,43.497553,40.086669,
458_MKLRIPSH 2_BTS_HW,11009,43.507425,40.07007222,
461_RAKUSHKA_BTS_HW,11195,43.339381,40.168131,
501_ADZUBZA_BTS_HW,11010,42.84435,41.176952778,
502_ARAKICH_BTS_HW,11011,42.832866667,41.218694444,
503_ATARA_BTS_HW,11012,42.876875229,41.284133416,
504_ATARA 2_BTS_HW,11013,42.916188889,41.289927778,
505_KINDGI_BTS_HW,11014,42.792205556,41.271902778,
506_TAMYSH_BTS_HW,11015,42.805419444,41.341641667,
507_GUADA_BTS_HW,11016,42.918316667,41.4295,
508_DZHGERDA_BTS_HW,11017,42.893777778,41.375222222,
509_KUTOL_BTS_HW,11018,42.854241667,41.380844444,
510_KUTOL 2_BTS_HW,11019,42.831996,41.371668,
511_LABRA_BTS_HW,11020,42.805166667,41.391472222,
512_TAMYSH 2_BTS_HW,11021,42.789694444,41.368952778,
513_ARASADZYH_BTS_HW,11022,42.889619444,41.601841667,
514_CHLOU_BTS_HW,11023,42.87695,41.483975,
515_DZHAL_BTS_HW,11024,42.835163889,41.562883333,
516_MOKVA_BTS_HW,11025,42.82525,41.514952778,
517_PAKUASH_BTS_HW,11026,42.801988889,41.577491667,
518_KACIHABLA_BTS_HW,11027,42.778011111,41.564319444,
519_OCHAMCHIRA TRASSA_BTS_HW,11028,42.754,41.4613,
520_OCHAMCHIRA KLAD_BTS_HW,11029,42.738105556,41.449838889,
521_OCHAMCHIRA CENTR_BTS_HW,11030,42.708272222,41.467191667,
522_OCHAMCHIRA MCHS_BTS_HW,11031,42.716713889,41.468608333,
523_TKUARCHAL RTPC_BTS_HW,11032,42.846897222,41.703997222,
525_TKUARCHAL KARER_BTS_HW,11034,42.851488889,41.684863889,
526_TKUARCHAL LEON_BTS_HW,11035,42.860713889,41.659675,
527_REKA_BTS_HW,11036,42.790308333,41.642472222,
528_AGUBEDIA_BTS_HW,11037,42.750033333,41.692441667,
529_UAKUM_BTS_HW,11038,42.732833333,41.731388889,
530_GAL PLOTINA_BTS_HW,11039,42.649422222,41.738552778,
531_GAL RUS_BTS_HW,11040,42.626608333,41.735491667,
532_GAL CENTR_BTS_HW,11041,42.625794444,41.740197222,
533_GAL CENTR 2_BTS_HW,11042,42.620380556,41.74675,
534_BARGEB_BTS_HW,11043,42.564775,41.653430556,
535_CHIBURHINDZ_BTS_HW,11044,42.575616667,41.811661111,
536_TAGILON_BTS_HW,11045,42.546477778,41.7815,
537_NABAKIA_BTS_HW,11046,42.509063889,41.68805,
538_OTOBAIA_BTS_HW,11047,42.482377778,41.619961111,
539_INGUR GES_BTS_HW,11048,42.680294444,41.873030556,
540_DIHAZURKA_BTS_HW,11049,42.623961111,41.880066667,
541_INGUR MOST_BTS_HW,11050,42.585619444,41.847613889,
542_TAMYSH VILLAGE_BTS_HW,11051,42.77325,41.34377778,
543_GAGIDA AM_BTS_HW,11163,42.518056,41.604910,42.518056 41.604910
544_BCHARA_BTS_HW,11052,42.450442,41.564575,
545_GAL 3_BTS_HW,11164,42.601341,41.773256,
546_GUMURISH_BTS_HW,11053,42.711556,41.781433,
547_PEREPADNAYA_BTS_HW,11082,42.650833,41.764722,
548_PAPYNYRHUA_BTS_HW,11054,42.6364,41.927217,
549_SIDA AM_BTS_HW,11210,42.570747,41.711242,
550_GUDAA_BTS_HW,11081,42.598611,41.519166,
551_KOKHORA AM_BTS_HW,11319,42.6587395,41.7126913,"42.6587395,41.7126913"
553_MERKULA_BTS_HW,11055,42.790056,41.503139,
554_MOKVA SOVHOZ_BTS_HW,11056,42.836381,41.474606,
555_AIMARA_BTS_HW,11057,42.907831,41.499442,
557_OTAP_BTS_HW,11058,42.915116,41.542077,
560_TKUARCHAL GORA_BTS_HW,11059,42.846997,41.692603,
561_TKUARCHAL SELO_BTS_HW,11080,42.840000,41.667777,
564_OCHAMCHIRA PORT_BTS_HW,11060,42.743922,41.428344,
565_OCHAMCHIRA ATP_BTS_HW,11061,42.722875,41.45855,
568_TOUMISH_BTS_HW,11062,42.858472,41.347156,
569_KINDGI 2_BTS_HW,11063,42.816972,41.288389,
570_ADZUBZA TEPLITSA_BTS_HW,11064,42.820975,41.160622,
575_ALAKUMKHARA_BTS_HW,11209,42.674333,41.916972,
579_GAGIDA 2_BTS_HW,11264,42.490867,41.567797,
584_ACHGUARA_BTS_HW,11065,42.681953,41.636583,
585_ILOR_BTS_HW,11168,42.695797,41.498220,"42.695797, 41.498220"
588_OCHAMCHIRA AALDZGA_BTS_HW,11066,42.708167,41.481503,
589_ATARA 3_BTS_HW,11067,42.896953,41.311172,
590_RYAP_BTS_HW,11068,42.63736667,41.65394444,
600_MAYAK DEPO_BTS_HW,11069,43.004294,40.981633,
601_SUHUM MVD_BTS_HW,11139,,,
605_SUHUM ROVD AM_BTS_HW,11247,43.018581,40.982324,"43.018581, 40.982324"
607_ESHERA ELEVATOR_BTS_HW,11071,43.024631,40.929752,
611_GUMA 2_BTS_HW,11087,43.082799,41.028759,Столб 10м. во дворе ретсорана
612_ACHADARA 2_BTS_HW,11072,43.050247,40.989763,
620_SUHUM RYNOK 2_BTS_HW,11073,42.99812023,41.005716271,
